shoe-option-diet.com	2021-03-03 00:00:00	2021-03-05 23:59:59
instruction-comment.com	2021-03-03 00:00:00	2021-03-05 23:59:59
plateprogram.com	2021-03-03 00:00:00	2021-03-05 23:59:59
panic-interest.com	2021-03-03 00:00:00	2021-03-05 23:59:59
implementadapt.com	2021-03-03 00:00:00	2021-03-05 23:59:59
king-require.com	2021-03-03 00:00:00	2021-03-05 23:59:59
borderresolve.com	2021-03-03 00:00:00	2021-03-05 23:59:59
contributionappear.com	2021-03-03 00:00:00	2021-03-05 23:59:59
hall-cash-view.com	2021-03-03 00:00:00	2021-03-05 23:59:59
brain-glove-tone.com	2021-03-04 00:00:00	2021-03-06 23:59:59
confidence-imagine.com	2021-03-04 00:00:00	2021-03-06 23:59:59
shame-allow-patient.com	2021-03-04 00:00:00	2021-03-06 23:59:59
experience-negotiate.com	2021-03-04 00:00:00	2021-03-06 23:59:59
business-influence.com	2021-03-04 00:00:00	2021-03-06 23:59:59
fishing-react.com	2021-03-04 00:00:00	2021-03-06 23:59:59
boot-shine-winner.com	2021-03-04 00:00:00	2021-03-06 23:59:59
boot-use-traffic.com	2021-03-04 00:00:00	2021-03-06 23:59:59
failure-adopt.com	2021-03-04 00:00:00	2021-03-06 23:59:59
order-limited.com	2021-03-04 00:00:00	2021-03-06 23:59:59
media-hope-board.com	2021-03-05 00:00:00	2021-03-07 23:59:59
news-buy-world.com	2021-03-05 00:00:00	2021-03-07 23:59:59
mailrecommend.com	2021-03-05 00:00:00	2021-03-07 23:59:59
quarter-confirm.com	2021-03-05 00:00:00	2021-03-07 23:59:59
trust-stuff-routine.com	2021-03-05 00:00:00	2021-03-07 23:59:59
warningtrain.com	2021-03-05 00:00:00	2021-03-07 23:59:59
functionspread.com	2021-03-05 00:00:00	2021-03-07 23:59:59
floor-boat-knife.com	2021-03-05 00:00:00	2021-03-07 23:59:59
stormwonder-baseball.com	2021-03-05 00:00:00	2021-03-07 23:59:59
writingbill-database.com	2021-03-05 00:00:00	2021-03-07 23:59:59
row-closed-bid.com	1970-01-01 00:00:00	2030-01-01 00:00:00
brushpot-guide.com	1970-01-01 00:00:00	2030-01-01 00:00:00
sort-address.com	1970-01-01 00:00:00	2030-01-01 00:00:00
time-let-register.com	1970-01-01 00:00:00	2030-01-01 00:00:00
wall-mortgage.com	1970-01-01 00:00:00	2030-01-01 00:00:00
matterdog-age.com	1970-01-01 00:00:00	2030-01-01 00:00:00
detail-sandwich.com	1970-01-01 00:00:00	2030-01-01 00:00:00
landscapeborn.com	1970-01-01 00:00:00	2030-01-01 00:00:00
economicsgarden.com	1970-01-01 00:00:00	2030-01-01 00:00:00
studyshall-clerk.com	1970-01-01 00:00:00	2030-01-01 00:00:00
analystfinance.com	1970-01-01 00:00:00	2030-01-01 00:00:00
postman-horror.com	1970-01-01 00:00:00	2030-01-01 00:00:00
thought-set-focus.com	1970-01-01 00:00:00	2030-01-01 00:00:00
assumption-keep.com	1970-01-01 00:00:00	2030-01-01 00:00:00
relation-bath.com	1970-01-01 00:00:00	2030-01-01 00:00:00
garbageprogram.com	1970-01-01 00:00:00	2030-01-01 00:00:00
fact-base-family.com	1970-01-01 00:00:00	2030-01-01 00:00:00
reliefclosed.com	1970-01-01 00:00:00	2030-01-01 00:00:00
routine-admire.com	1970-01-01 00:00:00	2030-01-01 00:00:00
order-hold-salt.com	1970-01-01 00:00:00	2030-01-01 00:00:00
breath-case-factor.com	1970-01-01 00:00:00	2030-01-01 00:00:00
truth-balance.com	1970-01-01 00:00:00	2030-01-01 00:00:00
brick-nose-screen.com	1970-01-01 00:00:00	2030-01-01 00:00:00
mother-negotiate.com	1970-01-01 00:00:00	2030-01-01 00:00:00
pieceblue-recognition.com	1970-01-01 00:00:00	2030-01-01 00:00:00
sex-proposed.com	1970-01-01 00:00:00	2030-01-01 00:00:00
crackquote-assistance.com	1970-01-01 00:00:00	2030-01-01 00:00:00
craftaffect-wave.com	1970-01-01 00:00:00	2030-01-01 00:00:00
stateincorporate.com	1970-01-01 00:00:00	2030-01-01 00:00:00
feature-succeed.com	1970-01-01 00:00:00	2030-01-01 00:00:00
wineoperate-meaning.com	1970-01-01 00:00:00	2030-01-01 00:00:00
order-glove-parking.com	1970-01-01 00:00:00	2030-01-01 00:00:00
saving-experience.com	1970-01-01 00:00:00	2030-01-01 00:00:00
land-pipe-spray.com	1970-01-01 00:00:00	2030-01-01 00:00:00
gate-box-red.com	1970-01-01 00:00:00	2030-01-01 00:00:00
material-interview.com	1970-01-01 00:00:00	2030-01-01 00:00:00
feepressure-pressure.com	1970-01-01 00:00:00	2030-01-01 00:00:00
powerauthor-injury.com	1970-01-01 00:00:00	2030-01-01 00:00:00
taxbook-codewait.com	1970-01-01 00:00:00	2030-01-01 00:00:00
essayexpect-nature.com	1970-01-01 00:00:00	2030-01-01 00:00:00
seriescarpet.com	1970-01-01 00:00:00	2030-01-01 00:00:00
red-base-chance.com	1970-01-01 00:00:00	2030-01-01 00:00:00
knee-lack-family.com	1970-01-01 00:00:00	2030-01-01 00:00:00
rate-source-radio.com	1970-01-01 00:00:00	2030-01-01 00:00:00
research-crash.com	1970-01-01 00:00:00	2030-01-01 00:00:00
dressrefuse-cheek.com	1970-01-01 00:00:00	2030-01-01 00:00:00
cream-tour-garden.com	1970-01-01 00:00:00	2030-01-01 00:00:00
spot-press-rent.com	1970-01-01 00:00:00	2030-01-01 00:00:00
meeting-contribute.com	1970-01-01 00:00:00	2030-01-01 00:00:00
wind-test-bedroom.com	1970-01-01 00:00:00	2030-01-01 00:00:00
scale-hold-reputation.com	1970-01-01 00:00:00	2030-01-01 00:00:00
chipseem-ruin.com	1970-01-01 00:00:00	2030-01-01 00:00:00
feature-pack.com	1970-01-01 00:00:00	2030-01-01 00:00:00
face-district.com	1970-01-01 00:00:00	2030-01-01 00:00:00
note-stuff-mess.com	1970-01-01 00:00:00	2030-01-01 00:00:00
cake-confirm.com	1970-01-01 00:00:00	2030-01-01 00:00:00
material-march.com	1970-01-01 00:00:00	2030-01-01 00:00:00
buddycredit-professor.com	1970-01-01 00:00:00	2030-01-01 00:00:00
buddytip-test.com	1970-01-01 00:00:00	2030-01-01 00:00:00
birth-attempt.com	1970-01-01 00:00:00	2030-01-01 00:00:00
warningseek-soil.com	1970-01-01 00:00:00	2030-01-01 00:00:00
register-fail.com	1970-01-01 00:00:00	2030-01-01 00:00:00
associate-contribute.com	1970-01-01 00:00:00	2030-01-01 00:00:00
discount-expand.com	1970-01-01 00:00:00	2030-01-01 00:00:00
evening-suck.com	1970-01-01 00:00:00	2030-01-01 00:00:00
wall-solve-glass.com	1970-01-01 00:00:00	2030-01-01 00:00:00
security-repair.com	1970-01-01 00:00:00	2030-01-01 00:00:00
wall-box-research.com	1970-01-01 00:00:00	2030-01-01 00:00:00
pleasurepicture.com	1970-01-01 00:00:00	2030-01-01 00:00:00
girlfriend-overcome.com	1970-01-01 00:00:00	2030-01-01 00:00:00
inspection-deserve.com	1970-01-01 00:00:00	2030-01-01 00:00:00
bowl-style-mistake.com	1970-01-01 00:00:00	2030-01-01 00:00:00
objectbell-minimum.com	1970-01-01 00:00:00	2030-01-01 00:00:00
significancetree.com	1970-01-01 00:00:00	2030-01-01 00:00:00
hourtower-staff.com	1970-01-01 00:00:00	2030-01-01 00:00:00
beachloose-appeal.com	1970-01-01 00:00:00	2030-01-01 00:00:00
scheduleprofile.com	1970-01-01 00:00:00	2030-01-01 00:00:00
average-confirm.com	1970-01-01 00:00:00	2030-01-01 00:00:00
form-reference.com	1970-01-01 00:00:00	2030-01-01 00:00:00
number-bank-inspection.com	1970-01-01 00:00:00	2030-01-01 00:00:00
record-stay-mouse.com	1970-01-01 00:00:00	2030-01-01 00:00:00
future-piece.com	1970-01-01 00:00:00	2030-01-01 00:00:00
tone-allow-action.com	1970-01-01 00:00:00	2030-01-01 00:00:00
purposespot-status.com	1970-01-01 00:00:00	2030-01-01 00:00:00
lectureadopt.com	1970-01-01 00:00:00	2030-01-01 00:00:00
chicken-report.com	1970-01-01 00:00:00	2030-01-01 00:00:00
sympathy-rain.com	1970-01-01 00:00:00	2030-01-01 00:00:00
buddydepend-joint.com	1970-01-01 00:00:00	2030-01-01 00:00:00
potatosentence.com	1970-01-01 00:00:00	2030-01-01 00:00:00
mirror-sleep.com	1970-01-01 00:00:00	2030-01-01 00:00:00
dad-challenge.com	1970-01-01 00:00:00	2030-01-01 00:00:00
nail-list-fishing.com	1970-01-01 00:00:00	2030-01-01 00:00:00
mindframe-recognition.com	1970-01-01 00:00:00	2030-01-01 00:00:00
bottle-form-reputation.com	1970-01-01 00:00:00	2030-01-01 00:00:00
damage-quarter.com	1970-01-01 00:00:00	2030-01-01 00:00:00
player-force.com	1970-01-01 00:00:00	2030-01-01 00:00:00
skinresult-rice.com	1970-01-01 00:00:00	2030-01-01 00:00:00
minute-host-birth.com	1970-01-01 00:00:00	2030-01-01 00:00:00
choice-ready.com	1970-01-01 00:00:00	2030-01-01 00:00:00
actselect-age.com	1970-01-01 00:00:00	2030-01-01 00:00:00
goldcharge-coast.com	1970-01-01 00:00:00	2030-01-01 00:00:00
pattern-interested.com	1970-01-01 00:00:00	2030-01-01 00:00:00
bill-land-amount.com	1970-01-01 00:00:00	2030-01-01 00:00:00
recognitionsit.com	1970-01-01 00:00:00	2030-01-01 00:00:00
testreveal-designer.com	1970-01-01 00:00:00	2030-01-01 00:00:00
horse-crash-spot.com	1970-01-01 00:00:00	2030-01-01 00:00:00
eggstore-object.com	1970-01-01 00:00:00	2030-01-01 00:00:00
pollution-move.com	1970-01-01 00:00:00	2030-01-01 00:00:00
mess-wheel-shot.com	1970-01-01 00:00:00	2030-01-01 00:00:00
door-question.com	1970-01-01 00:00:00	2030-01-01 00:00:00
fishimpress-fish.com	1970-01-01 00:00:00	2030-01-01 00:00:00
writingtired.com	1970-01-01 00:00:00	2030-01-01 00:00:00
bid-continue.com	1970-01-01 00:00:00	2030-01-01 00:00:00
quarter-list.com	1970-01-01 00:00:00	2030-01-01 00:00:00
apple-weigh-benefit.com	1970-01-01 00:00:00	2030-01-01 00:00:00
breath-bear-balance.com	1970-01-01 00:00:00	2030-01-01 00:00:00
gate-boot-ability.com	1970-01-01 00:00:00	2030-01-01 00:00:00
midnightready.com	1970-01-01 00:00:00	2030-01-01 00:00:00
bedwater-spite.com	1970-01-01 00:00:00	2030-01-01 00:00:00
phrase-smile.com	1970-01-01 00:00:00	2030-01-01 00:00:00
arrivalchampion.com	1970-01-01 00:00:00	2030-01-01 00:00:00
earmuscle-box.com	1970-01-01 00:00:00	2030-01-01 00:00:00
committeerange.com	1970-01-01 00:00:00	2030-01-01 00:00:00
dog-repair-shower.com	1970-01-01 00:00:00	2030-01-01 00:00:00
mistake-remain.com	1970-01-01 00:00:00	2030-01-01 00:00:00
carry-move-side.com	1970-01-01 00:00:00	2030-01-01 00:00:00
winner-care-sir.com	1970-01-01 00:00:00	2030-01-01 00:00:00
goldagree-pack.com	1970-01-01 00:00:00	2030-01-01 00:00:00
courtoperate.com	1970-01-01 00:00:00	2030-01-01 00:00:00
wingharm-blind.com	1970-01-01 00:00:00	2030-01-01 00:00:00
arm-boat-drawer.com	1970-01-01 00:00:00	2030-01-01 00:00:00
errorwheel-inside.com	1970-01-01 00:00:00	2030-01-01 00:00:00
space-slice-dirt.com	1970-01-01 00:00:00	2030-01-01 00:00:00
northcondition.com	1970-01-01 00:00:00	2030-01-01 00:00:00
functionobtain.com	1970-01-01 00:00:00	2030-01-01 00:00:00
conclusion-chair.com	1970-01-01 00:00:00	2030-01-01 00:00:00
craftteam-code.com	1970-01-01 00:00:00	2030-01-01 00:00:00
size-baby-blue.com	1970-01-01 00:00:00	2030-01-01 00:00:00
interview-string.com	1970-01-01 00:00:00	2030-01-01 00:00:00
fortune-bake.com	1970-01-01 00:00:00	2030-01-01 00:00:00
birthday-baby.com	1970-01-01 00:00:00	2030-01-01 00:00:00
channelzone-poet.com	1970-01-01 00:00:00	2030-01-01 00:00:00
table-space-specialist.com	1970-01-01 00:00:00	2030-01-01 00:00:00
tour-sentence.com	1970-01-01 00:00:00	2030-01-01 00:00:00
couragecare-management.com	1970-01-01 00:00:00	2030-01-01 00:00:00
pairdetermin-online.com	1970-01-01 00:00:00	2030-01-01 00:00:00
poem-enhance.com	1970-01-01 00:00:00	2030-01-01 00:00:00
love-surprise.com	1970-01-01 00:00:00	2030-01-01 00:00:00
suitproposed.com	1970-01-01 00:00:00	2030-01-01 00:00:00
door-company.com	1970-01-01 00:00:00	2030-01-01 00:00:00
audienceorganize.com	1970-01-01 00:00:00	2030-01-01 00:00:00
activitytowel.com	1970-01-01 00:00:00	2030-01-01 00:00:00
earth-apologize.com	1970-01-01 00:00:00	2030-01-01 00:00:00
taleassociate.com	1970-01-01 00:00:00	2030-01-01 00:00:00
television-lay.com	1970-01-01 00:00:00	2030-01-01 00:00:00
laddercycle-essay.com	1970-01-01 00:00:00	2030-01-01 00:00:00
temperatureguy.com	1970-01-01 00:00:00	2030-01-01 00:00:00
peakbat-bridge.com	1970-01-01 00:00:00	2030-01-01 00:00:00
credit-strike.com	1970-01-01 00:00:00	2030-01-01 00:00:00
candle-question.com	1970-01-01 00:00:00	2030-01-01 00:00:00
northreact-exercise.com	1970-01-01 00:00:00	2030-01-01 00:00:00
endconcern-page.com	1970-01-01 00:00:00	2030-01-01 00:00:00
negotiation-seek.com	1970-01-01 00:00:00	2030-01-01 00:00:00
plant-shall-boyfriend.com	1970-01-01 00:00:00	2030-01-01 00:00:00
year-advanced.com	1970-01-01 00:00:00	2030-01-01 00:00:00
credit-tour-league.com	1970-01-01 00:00:00	2030-01-01 00:00:00
culture-claim.com	1970-01-01 00:00:00	2030-01-01 00:00:00
spirit-sound.com	1970-01-01 00:00:00	2030-01-01 00:00:00
logbill-result.com	1970-01-01 00:00:00	2030-01-01 00:00:00
flowerdie-reason.com	1970-01-01 00:00:00	2030-01-01 00:00:00
yard-tone-letter.com	1970-01-01 00:00:00	2030-01-01 00:00:00
scale-deal-ship.com	1970-01-01 00:00:00	2030-01-01 00:00:00
game-case-bill.com	1970-01-01 00:00:00	2030-01-01 00:00:00
bitconsult-community.com	1970-01-01 00:00:00	2030-01-01 00:00:00
postlack-youth.com	1970-01-01 00:00:00	2030-01-01 00:00:00
camp-shelter.com	1970-01-01 00:00:00	2030-01-01 00:00:00
shoulder-throw.com	1970-01-01 00:00:00	2030-01-01 00:00:00
condition-dog.com	1970-01-01 00:00:00	2030-01-01 00:00:00
definition-fall.com	1970-01-01 00:00:00	2030-01-01 00:00:00
tongue-warm-funeral.com	1970-01-01 00:00:00	2030-01-01 00:00:00
star-celebrate.com	1970-01-01 00:00:00	2030-01-01 00:00:00
figurescrew-pipe.com	1970-01-01 00:00:00	2030-01-01 00:00:00
half-page-belt.com	1970-01-01 00:00:00	2030-01-01 00:00:00
chance-talk-peace.com	1970-01-01 00:00:00	2030-01-01 00:00:00
layer-save-season.com	1970-01-01 00:00:00	2030-01-01 00:00:00
leather-zone.com	1970-01-01 00:00:00	2030-01-01 00:00:00
pollution-bill.com	1970-01-01 00:00:00	2030-01-01 00:00:00
blindretire-trouble.com	1970-01-01 00:00:00	2030-01-01 00:00:00
screen-spot-pool.com	1970-01-01 00:00:00	2030-01-01 00:00:00
waystudy-relief.com	1970-01-01 00:00:00	2030-01-01 00:00:00
freedom-champion.com	1970-01-01 00:00:00	2030-01-01 00:00:00
throat-prefer.com	1970-01-01 00:00:00	2030-01-01 00:00:00
panic-waste-corner.com	1970-01-01 00:00:00	2030-01-01 00:00:00
reading-miss.com	1970-01-01 00:00:00	2030-01-01 00:00:00
door-smoke-class.com	1970-01-01 00:00:00	2030-01-01 00:00:00
style-doctor.com	1970-01-01 00:00:00	2030-01-01 00:00:00
ball-advanced.com	1970-01-01 00:00:00	2030-01-01 00:00:00
passenger-zone.com	1970-01-01 00:00:00	2030-01-01 00:00:00
tour-piece-action.com	1970-01-01 00:00:00	2030-01-01 00:00:00
namespot-reward.com	1970-01-01 00:00:00	2030-01-01 00:00:00
apple-burn-girlfriend.com	1970-01-01 00:00:00	2030-01-01 00:00:00
morningretain.com	1970-01-01 00:00:00	2030-01-01 00:00:00
table-flow-land.com	1970-01-01 00:00:00	2030-01-01 00:00:00
buildingoperate.com	1970-01-01 00:00:00	2030-01-01 00:00:00
windowmarch-clue.com	1970-01-01 00:00:00	2030-01-01 00:00:00
airportwake-money.com	1970-01-01 00:00:00	2030-01-01 00:00:00
codestar-fish.com	1970-01-01 00:00:00	2030-01-01 00:00:00
bagpeak-roomare.com	1970-01-01 00:00:00	2030-01-01 00:00:00
concertcancel.com	1970-01-01 00:00:00	2030-01-01 00:00:00
fileescape-pin.com	1970-01-01 00:00:00	2030-01-01 00:00:00
field-trade-tackle.com	1970-01-01 00:00:00	2030-01-01 00:00:00
order-form-definition.com	1970-01-01 00:00:00	2030-01-01 00:00:00
image-meet-sex.com	1970-01-01 00:00:00	2030-01-01 00:00:00
farm-pin-brain.com	1970-01-01 00:00:00	2030-01-01 00:00:00
row-weather-pot.com	1970-01-01 00:00:00	2030-01-01 00:00:00
drawer-proposed.com	1970-01-01 00:00:00	2030-01-01 00:00:00
bid-fill-profile.com	1970-01-01 00:00:00	2030-01-01 00:00:00
television-ship.com	1970-01-01 00:00:00	2030-01-01 00:00:00
marketingexist.com	1970-01-01 00:00:00	2030-01-01 00:00:00
frame-market.com	1970-01-01 00:00:00	2030-01-01 00:00:00
judgeoption-meaning.com	1970-01-01 00:00:00	2030-01-01 00:00:00
strengthdraft.com	1970-01-01 00:00:00	2030-01-01 00:00:00
corner-progress.com	1970-01-01 00:00:00	2030-01-01 00:00:00
instruction-suppose.com	1970-01-01 00:00:00	2030-01-01 00:00:00
noisesolve-diamond.com	1970-01-01 00:00:00	2030-01-01 00:00:00
stress-lip-mark.com	1970-01-01 00:00:00	2030-01-01 00:00:00
agent-stop-credit.com	1970-01-01 00:00:00	2030-01-01 00:00:00
love-remain-cup.com	1970-01-01 00:00:00	2030-01-01 00:00:00
fault-fear-wind.com	1970-01-01 00:00:00	2030-01-01 00:00:00
modelspread-process.com	1970-01-01 00:00:00	2030-01-01 00:00:00
interview-land.com	1970-01-01 00:00:00	2030-01-01 00:00:00
oilcurve-economy.com	1970-01-01 00:00:00	2030-01-01 00:00:00
experience-cash.com	1970-01-01 00:00:00	2030-01-01 00:00:00
web-box-record.com	1970-01-01 00:00:00	2030-01-01 00:00:00
author-tackle.com	1970-01-01 00:00:00	2030-01-01 00:00:00
love-bear-shame.com	1970-01-01 00:00:00	2030-01-01 00:00:00
history-tip-nail.com	1970-01-01 00:00:00	2030-01-01 00:00:00
uncle-officer.com	1970-01-01 00:00:00	2030-01-01 00:00:00
packchair-purpose.com	1970-01-01 00:00:00	2030-01-01 00:00:00
profession-become.com	1970-01-01 00:00:00	2030-01-01 00:00:00
mess-coast-trade.com	1970-01-01 00:00:00	2030-01-01 00:00:00
dot-take-article.com	1970-01-01 00:00:00	2030-01-01 00:00:00
man-study-appointment.com	1970-01-01 00:00:00	2030-01-01 00:00:00
tune-attempt.com	1970-01-01 00:00:00	2030-01-01 00:00:00
year-maintain.com	1970-01-01 00:00:00	2030-01-01 00:00:00
cookie-black.com	1970-01-01 00:00:00	2030-01-01 00:00:00
stable-require.com	1970-01-01 00:00:00	2030-01-01 00:00:00
ball-program.com	1970-01-01 00:00:00	2030-01-01 00:00:00
silverlunch-plastic.com	1970-01-01 00:00:00	2030-01-01 00:00:00
funeral-bath.com	1970-01-01 00:00:00	2030-01-01 00:00:00
purposeremove.com	1970-01-01 00:00:00	2030-01-01 00:00:00
action-bat-stomach.com	1970-01-01 00:00:00	2030-01-01 00:00:00
tongue-island.com	1970-01-01 00:00:00	2030-01-01 00:00:00
flowerpound-border.com	1970-01-01 00:00:00	2030-01-01 00:00:00
vehicleroof-entrance.com	1970-01-01 00:00:00	2030-01-01 00:00:00
kind-shower-school.com	1970-01-01 00:00:00	2030-01-01 00:00:00
taskcomment-peak.com	1970-01-01 00:00:00	2030-01-01 00:00:00
stuff-camp-research.com	1970-01-01 00:00:00	2030-01-01 00:00:00
finger-space.com	1970-01-01 00:00:00	2030-01-01 00:00:00
text-curve-balance.com	1970-01-01 00:00:00	2030-01-01 00:00:00
pleasurerepair.com	1970-01-01 00:00:00	2030-01-01 00:00:00
hook-carpet-difference.com	1970-01-01 00:00:00	2030-01-01 00:00:00
detail-well-corner.com	1970-01-01 00:00:00	2030-01-01 00:00:00
house-agree-letter.com	1970-01-01 00:00:00	2030-01-01 00:00:00
phase-claim-song.com	1970-01-01 00:00:00	2030-01-01 00:00:00
father-boat-mouse.com	1970-01-01 00:00:00	2030-01-01 00:00:00
freedom-exist.com	1970-01-01 00:00:00	2030-01-01 00:00:00
consequenceserve.com	1970-01-01 00:00:00	2030-01-01 00:00:00
caseare-cross.com	1970-01-01 00:00:00	2030-01-01 00:00:00
map-dump-path.com	1970-01-01 00:00:00	2030-01-01 00:00:00
brain-star-television.com	1970-01-01 00:00:00	2030-01-01 00:00:00
view-solve-dot.com	1970-01-01 00:00:00	2030-01-01 00:00:00
glass-pull-point.com	1970-01-01 00:00:00	2030-01-01 00:00:00
moodconfirm-reaction.com	1970-01-01 00:00:00	2030-01-01 00:00:00
scale-appear.com	1970-01-01 00:00:00	2030-01-01 00:00:00
wheel-loan-dad.com	1970-01-01 00:00:00	2030-01-01 00:00:00
race-ship-explanation.com	1970-01-01 00:00:00	2030-01-01 00:00:00
safetyframe-structure.com	1970-01-01 00:00:00	2030-01-01 00:00:00
cake-avoid-square.com	1970-01-01 00:00:00	2030-01-01 00:00:00
assistancestroke.com	1970-01-01 00:00:00	2030-01-01 00:00:00
loanhesitate.com	1970-01-01 00:00:00	2030-01-01 00:00:00
weekend-chart.com	1970-01-01 00:00:00	2030-01-01 00:00:00
stress-consider.com	1970-01-01 00:00:00	2030-01-01 00:00:00
father-confirm.com	1970-01-01 00:00:00	2030-01-01 00:00:00
dimension-retire.com	1970-01-01 00:00:00	2030-01-01 00:00:00
metal-engineer.com	1970-01-01 00:00:00	2030-01-01 00:00:00
mess-career-screen.com	1970-01-01 00:00:00	2030-01-01 00:00:00
failure-disagree.com	1970-01-01 00:00:00	2030-01-01 00:00:00
bitorganize-lunch.com	1970-01-01 00:00:00	2030-01-01 00:00:00
spitebuilding.com	1970-01-01 00:00:00	2030-01-01 00:00:00
guarantee-bear.com	1970-01-01 00:00:00	2030-01-01 00:00:00
sand-tree-position.com	1970-01-01 00:00:00	2030-01-01 00:00:00
districtpiece.com	1970-01-01 00:00:00	2030-01-01 00:00:00
bunch-space-tackle.com	1970-01-01 00:00:00	2030-01-01 00:00:00
shoulder-stable.com	1970-01-01 00:00:00	2030-01-01 00:00:00
structuresurvey.com	1970-01-01 00:00:00	2030-01-01 00:00:00
culture-listen.com	1970-01-01 00:00:00	2030-01-01 00:00:00
growthnerve-management.com	1970-01-01 00:00:00	2030-01-01 00:00:00
occasion-blame.com	1970-01-01 00:00:00	2030-01-01 00:00:00
closet-parent.com	1970-01-01 00:00:00	2030-01-01 00:00:00
oven-reason-coach.com	1970-01-01 00:00:00	2030-01-01 00:00:00
maximum-adopt.com	1970-01-01 00:00:00	2030-01-01 00:00:00
benefit-weather.com	1970-01-01 00:00:00	2030-01-01 00:00:00
husband-champion.com	1970-01-01 00:00:00	2030-01-01 00:00:00
blame-factor.com	1970-01-01 00:00:00	2030-01-01 00:00:00
silverstop-staff.com	1970-01-01 00:00:00	2030-01-01 00:00:00
sympathy-ready.com	1970-01-01 00:00:00	2030-01-01 00:00:00
crackmixed-obligation.com	1970-01-01 00:00:00	2030-01-01 00:00:00
concertbone-obligation.com	1970-01-01 00:00:00	2030-01-01 00:00:00
minimumcandle.com	1970-01-01 00:00:00	2030-01-01 00:00:00
explanation-base.com	1970-01-01 00:00:00	2030-01-01 00:00:00
jointweather.com	1970-01-01 00:00:00	2030-01-01 00:00:00
occasion-smell.com	1970-01-01 00:00:00	2030-01-01 00:00:00
buyerstar-object.com	1970-01-01 00:00:00	2030-01-01 00:00:00
garden-struggle.com	1970-01-01 00:00:00	2030-01-01 00:00:00
score-sell-teacher.com	1970-01-01 00:00:00	2030-01-01 00:00:00
shock-dump-taste.com	1970-01-01 00:00:00	2030-01-01 00:00:00
mother-network.com	1970-01-01 00:00:00	2030-01-01 00:00:00
specialist-schedule.com	1970-01-01 00:00:00	2030-01-01 00:00:00
quantity-happen.com	1970-01-01 00:00:00	2030-01-01 00:00:00
table-seem-investment.com	1970-01-01 00:00:00	2030-01-01 00:00:00
pattern-fear.com	1970-01-01 00:00:00	2030-01-01 00:00:00
amount-drive.com	1970-01-01 00:00:00	2030-01-01 00:00:00
face-fail-note.com	1970-01-01 00:00:00	2030-01-01 00:00:00
yard-island-freedom.com	1970-01-01 00:00:00	2030-01-01 00:00:00
blindchart-pair.com	1970-01-01 00:00:00	2030-01-01 00:00:00
bite-fault-piano.com	1970-01-01 00:00:00	2030-01-01 00:00:00
sunstage-meat.com	1970-01-01 00:00:00	2030-01-01 00:00:00
uncle-implement.com	1970-01-01 00:00:00	2030-01-01 00:00:00
front-discover.com	1970-01-01 00:00:00	2030-01-01 00:00:00
maximum-sit-farm.com	1970-01-01 00:00:00	2030-01-01 00:00:00
period-influence.com	1970-01-01 00:00:00	2030-01-01 00:00:00
cluelist-midnight.com	1970-01-01 00:00:00	2030-01-01 00:00:00
slice-blame-stomach.com	1970-01-01 00:00:00	2030-01-01 00:00:00
order-interested.com	1970-01-01 00:00:00	2030-01-01 00:00:00
recognitionplate.com	1970-01-01 00:00:00	2030-01-01 00:00:00
machinecatch.com	1970-01-01 00:00:00	2030-01-01 00:00:00
taxrain-bottom.com	1970-01-01 00:00:00	2030-01-01 00:00:00
taskmarried-button.com	1970-01-01 00:00:00	2030-01-01 00:00:00
peace-drive-phase.com	1970-01-01 00:00:00	2030-01-01 00:00:00
channelfear-movie.com	1970-01-01 00:00:00	2030-01-01 00:00:00
culture-frame.com	1970-01-01 00:00:00	2030-01-01 00:00:00
moviegarage-angle.com	1970-01-01 00:00:00	2030-01-01 00:00:00
trick-reach-document.com	1970-01-01 00:00:00	2030-01-01 00:00:00
tour-bank-business.com	1970-01-01 00:00:00	2030-01-01 00:00:00
bedroom-pen-ship.com	1970-01-01 00:00:00	2030-01-01 00:00:00
tackle-provide.com	1970-01-01 00:00:00	2030-01-01 00:00:00
plateadvanced.com	1970-01-01 00:00:00	2030-01-01 00:00:00
lady-club-arm.com	1970-01-01 00:00:00	2030-01-01 00:00:00
quantity-pound.com	1970-01-01 00:00:00	2030-01-01 00:00:00
tune-matter-review.com	1970-01-01 00:00:00	2030-01-01 00:00:00
quantity-apply.com	1970-01-01 00:00:00	2030-01-01 00:00:00
layer-run-river.com	1970-01-01 00:00:00	2030-01-01 00:00:00
caproom-purpose.com	1970-01-01 00:00:00	2030-01-01 00:00:00
bicyclereply.com	1970-01-01 00:00:00	2030-01-01 00:00:00
size-ease-coat.com	1970-01-01 00:00:00	2030-01-01 00:00:00
impression-branch.com	1970-01-01 00:00:00	2030-01-01 00:00:00
candidate-refuse.com	1970-01-01 00:00:00	2030-01-01 00:00:00
controldiscover.com	1970-01-01 00:00:00	2030-01-01 00:00:00
cloud-neck-art.com	1970-01-01 00:00:00	2030-01-01 00:00:00
benchdepend-part.com	1970-01-01 00:00:00	2030-01-01 00:00:00
paintstar-line.com	1970-01-01 00:00:00	2030-01-01 00:00:00
pairdisagree.com	1970-01-01 00:00:00	2030-01-01 00:00:00
outside-borrow.com	1970-01-01 00:00:00	2030-01-01 00:00:00
ability-option.com	1970-01-01 00:00:00	2030-01-01 00:00:00
metal-pace-purple.com	1970-01-01 00:00:00	2030-01-01 00:00:00
ability-case.com	1970-01-01 00:00:00	2030-01-01 00:00:00
birth-lunch-party.com	1970-01-01 00:00:00	2030-01-01 00:00:00
star-solve-tip.com	1970-01-01 00:00:00	2030-01-01 00:00:00
bite-team-indication.com	1970-01-01 00:00:00	2030-01-01 00:00:00
kind-would-inspection.com	1970-01-01 00:00:00	2030-01-01 00:00:00
screwmuscle-surprise.com	1970-01-01 00:00:00	2030-01-01 00:00:00
shareeffect-affair.com	1970-01-01 00:00:00	2030-01-01 00:00:00
man-point-coat.com	1970-01-01 00:00:00	2030-01-01 00:00:00
brushlay-string.com	1970-01-01 00:00:00	2030-01-01 00:00:00
conclusion-pull.com	1970-01-01 00:00:00	2030-01-01 00:00:00
view-cloud-time.com	1970-01-01 00:00:00	2030-01-01 00:00:00
strategy-host.com	1970-01-01 00:00:00	2030-01-01 00:00:00
instruction-box.com	1970-01-01 00:00:00	2030-01-01 00:00:00
purple-reveal.com	1970-01-01 00:00:00	2030-01-01 00:00:00
ruinvalue-car.com	1970-01-01 00:00:00	2030-01-01 00:00:00
chart-care-metal.com	1970-01-01 00:00:00	2030-01-01 00:00:00
cyclefather-hand.com	1970-01-01 00:00:00	2030-01-01 00:00:00
independence.com	1970-01-01 00:00:00	2030-01-01 00:00:00
negotiation-take.com	1970-01-01 00:00:00	2030-01-01 00:00:00
field-delay-bath.com	1970-01-01 00:00:00	2030-01-01 00:00:00
meallost-area.com	1970-01-01 00:00:00	2030-01-01 00:00:00
crewcurve-tax.com	1970-01-01 00:00:00	2030-01-01 00:00:00
master-trust.com	1970-01-01 00:00:00	2030-01-01 00:00:00
feature-commit.com	1970-01-01 00:00:00	2030-01-01 00:00:00
wheel-radio-scale.com	1970-01-01 00:00:00	2030-01-01 00:00:00
garden-result.com	1970-01-01 00:00:00	2030-01-01 00:00:00
substance-floor.com	1970-01-01 00:00:00	2030-01-01 00:00:00
alarmtalk-insect.com	1970-01-01 00:00:00	2030-01-01 00:00:00
benefit-candidate.com	1970-01-01 00:00:00	2030-01-01 00:00:00
camp-reason-shoe.com	1970-01-01 00:00:00	2030-01-01 00:00:00
weaknessman-joint.com	1970-01-01 00:00:00	2030-01-01 00:00:00
lie-doctor-history.com	1970-01-01 00:00:00	2030-01-01 00:00:00
salt-would-black.com	1970-01-01 00:00:00	2030-01-01 00:00:00
nothingpaint.com	1970-01-01 00:00:00	2030-01-01 00:00:00
fact-march-arm.com	1970-01-01 00:00:00	2030-01-01 00:00:00
honeydisagree.com	1970-01-01 00:00:00	2030-01-01 00:00:00
relative-happen.com	1970-01-01 00:00:00	2030-01-01 00:00:00
dimension-roof.com	1970-01-01 00:00:00	2030-01-01 00:00:00
television-explore.com	1970-01-01 00:00:00	2030-01-01 00:00:00
man-pause-gap.com	1970-01-01 00:00:00	2030-01-01 00:00:00
blank-operate.com	1970-01-01 00:00:00	2030-01-01 00:00:00
specialist-shoot.com	1970-01-01 00:00:00	2030-01-01 00:00:00
collar-glove.com	1970-01-01 00:00:00	2030-01-01 00:00:00
fault-appear.com	1970-01-01 00:00:00	2030-01-01 00:00:00
exchangeshoot.com	1970-01-01 00:00:00	2030-01-01 00:00:00
handpin-airconsider.com	1970-01-01 00:00:00	2030-01-01 00:00:00
freedom-name.com	1970-01-01 00:00:00	2030-01-01 00:00:00
race-think-client.com	1970-01-01 00:00:00	2030-01-01 00:00:00
tune-remain-tune.com	1970-01-01 00:00:00	2030-01-01 00:00:00
radio-interview.com	1970-01-01 00:00:00	2030-01-01 00:00:00
powercross-child.com	1970-01-01 00:00:00	2030-01-01 00:00:00
profitstring.com	1970-01-01 00:00:00	2030-01-01 00:00:00
musclestar-air.com	1970-01-01 00:00:00	2030-01-01 00:00:00
cow-need-drawer.com	1970-01-01 00:00:00	2030-01-01 00:00:00
ease-flow-evidence.com	1970-01-01 00:00:00	2030-01-01 00:00:00
collar-zone-half.com	1970-01-01 00:00:00	2030-01-01 00:00:00
form-reveal-carry.com	1970-01-01 00:00:00	2030-01-01 00:00:00
section-march.com	1970-01-01 00:00:00	2030-01-01 00:00:00
cow-set-leather.com	1970-01-01 00:00:00	2030-01-01 00:00:00
society-hold.com	1970-01-01 00:00:00	2030-01-01 00:00:00
assistant-jury.com	1970-01-01 00:00:00	2030-01-01 00:00:00
courtdecide-fun.com	1970-01-01 00:00:00	2030-01-01 00:00:00
duty-live-finance.com	1970-01-01 00:00:00	2030-01-01 00:00:00
saleemphasize.com	1970-01-01 00:00:00	2030-01-01 00:00:00
courttowel-progress.com	1970-01-01 00:00:00	2030-01-01 00:00:00
training-shower.com	1970-01-01 00:00:00	2030-01-01 00:00:00
counter-lawyer.com	1970-01-01 00:00:00	2030-01-01 00:00:00
scale-network.com	1970-01-01 00:00:00	2030-01-01 00:00:00
skymarch-betbear.com	1970-01-01 00:00:00	2030-01-01 00:00:00
signalhesitate.com	1970-01-01 00:00:00	2030-01-01 00:00:00
shape-blame-iron.com	1970-01-01 00:00:00	2030-01-01 00:00:00
pizzaauthor-brush.com	1970-01-01 00:00:00	2030-01-01 00:00:00
bad-print-capital.com	1970-01-01 00:00:00	2030-01-01 00:00:00
score-lawyer.com	1970-01-01 00:00:00	2030-01-01 00:00:00
speedtired-object.com	1970-01-01 00:00:00	2030-01-01 00:00:00
voicepot-sense.com	1970-01-01 00:00:00	2030-01-01 00:00:00
time-brain-shame.com	1970-01-01 00:00:00	2030-01-01 00:00:00
logpart-meaning.com	1970-01-01 00:00:00	2030-01-01 00:00:00
noisetree-industry.com	1970-01-01 00:00:00	2030-01-01 00:00:00
ability-counter.com	1970-01-01 00:00:00	2030-01-01 00:00:00
position-condition.com	1970-01-01 00:00:00	2030-01-01 00:00:00
harmorganize.com	1970-01-01 00:00:00	2030-01-01 00:00:00
piecego-honey.com	1970-01-01 00:00:00	2030-01-01 00:00:00
law-case-record.com	1970-01-01 00:00:00	2030-01-01 00:00:00
branch-flow-culture.com	1970-01-01 00:00:00	2030-01-01 00:00:00
characterblow.com	1970-01-01 00:00:00	2030-01-01 00:00:00
resultstage-presence.com	1970-01-01 00:00:00	2030-01-01 00:00:00
assignmentguy.com	1970-01-01 00:00:00	2030-01-01 00:00:00
damage-award.com	1970-01-01 00:00:00	2030-01-01 00:00:00
insectstore-comfort.com	1970-01-01 00:00:00	2030-01-01 00:00:00
postreward-north.com	1970-01-01 00:00:00	2030-01-01 00:00:00
logfall-advantage.com	1970-01-01 00:00:00	2030-01-01 00:00:00
fishwater-building.com	1970-01-01 00:00:00	2030-01-01 00:00:00
conference-shower.com	1970-01-01 00:00:00	2030-01-01 00:00:00
diet-commit-garden.com	1970-01-01 00:00:00	2030-01-01 00:00:00
scale-case-diet.com	1970-01-01 00:00:00	2030-01-01 00:00:00
health-tired.com	1970-01-01 00:00:00	2030-01-01 00:00:00
paintcourt-edge.com	1970-01-01 00:00:00	2030-01-01 00:00:00
specialist-exist.com	1970-01-01 00:00:00	2030-01-01 00:00:00
resultpleasure.com	1970-01-01 00:00:00	2030-01-01 00:00:00
poundresort-skin.com	1970-01-01 00:00:00	2030-01-01 00:00:00
evidence-believe.com	1970-01-01 00:00:00	2030-01-01 00:00:00
lack-lose-dad.com	1970-01-01 00:00:00	2030-01-01 00:00:00
gradeshelter.com	1970-01-01 00:00:00	2030-01-01 00:00:00
instruction-towel.com	1970-01-01 00:00:00	2030-01-01 00:00:00
media-meet-bowl.com	1970-01-01 00:00:00	2030-01-01 00:00:00
income-feel-business.com	1970-01-01 00:00:00	2030-01-01 00:00:00
assumption-react.com	1970-01-01 00:00:00	2030-01-01 00:00:00
condition-title.com	1970-01-01 00:00:00	2030-01-01 00:00:00
author-mortgage.com	1970-01-01 00:00:00	2030-01-01 00:00:00
art-spite-tune.com	1970-01-01 00:00:00	2030-01-01 00:00:00
historiandeal.com	1970-01-01 00:00:00	2030-01-01 00:00:00
naturefollow.com	1970-01-01 00:00:00	2030-01-01 00:00:00
hall-guy-till.com	1970-01-01 00:00:00	2030-01-01 00:00:00
foodproposed.com	1970-01-01 00:00:00	2030-01-01 00:00:00
beachdish-button.com	1970-01-01 00:00:00	2030-01-01 00:00:00
example-throw.com	1970-01-01 00:00:00	2030-01-01 00:00:00
sport-limited.com	1970-01-01 00:00:00	2030-01-01 00:00:00
mark-quarter.com	1970-01-01 00:00:00	2030-01-01 00:00:00
bugeffect-garbage.com	1970-01-01 00:00:00	2030-01-01 00:00:00
list-drink-jacket.com	1970-01-01 00:00:00	2030-01-01 00:00:00
feature-allow.com	1970-01-01 00:00:00	2030-01-01 00:00:00
weaknessreach.com	1970-01-01 00:00:00	2030-01-01 00:00:00
shame-succeed.com	1970-01-01 00:00:00	2030-01-01 00:00:00
sport-machine.com	1970-01-01 00:00:00	2030-01-01 00:00:00
gearovercome.com	1970-01-01 00:00:00	2030-01-01 00:00:00
filespite-honey.com	1970-01-01 00:00:00	2030-01-01 00:00:00
assistancenegotiate.com	1970-01-01 00:00:00	2030-01-01 00:00:00
lifestaff-historian.com	1970-01-01 00:00:00	2030-01-01 00:00:00
oven-solve-bill.com	1970-01-01 00:00:00	2030-01-01 00:00:00
red-wish-spray.com	1970-01-01 00:00:00	2030-01-01 00:00:00
army-ignore-score.com	1970-01-01 00:00:00	2030-01-01 00:00:00
swimming-wonder.com	1970-01-01 00:00:00	2030-01-01 00:00:00
guarantee-host.com	1970-01-01 00:00:00	2030-01-01 00:00:00
snowclue-pause.com	1970-01-01 00:00:00	2030-01-01 00:00:00
picture-network.com	1970-01-01 00:00:00	2030-01-01 00:00:00
bone-twist-swimming.com	1970-01-01 00:00:00	2030-01-01 00:00:00
rulepipe-breakfast.com	1970-01-01 00:00:00	2030-01-01 00:00:00
chest-are-data.com	1970-01-01 00:00:00	2030-01-01 00:00:00
replacement-wonder.com	1970-01-01 00:00:00	2030-01-01 00:00:00
shock-are-bus.com	1970-01-01 00:00:00	2030-01-01 00:00:00
relation-split.com	1970-01-01 00:00:00	2030-01-01 00:00:00
film-water-image.com	1970-01-01 00:00:00	2030-01-01 00:00:00
mess-transition.com	1970-01-01 00:00:00	2030-01-01 00:00:00
oilsmile-mortgage.com	1970-01-01 00:00:00	2030-01-01 00:00:00
instance-pack.com	1970-01-01 00:00:00	2030-01-01 00:00:00
resultdish-welcome.com	1970-01-01 00:00:00	2030-01-01 00:00:00
fishing-shine.com	1970-01-01 00:00:00	2030-01-01 00:00:00
examination-baby.com	1970-01-01 00:00:00	2030-01-01 00:00:00
hope-adapt-examination.com	1970-01-01 00:00:00	2030-01-01 00:00:00
drop-blow-season.com	1970-01-01 00:00:00	2030-01-01 00:00:00
tip-pot-mess.com	1970-01-01 00:00:00	2030-01-01 00:00:00
desiresink-access.com	1970-01-01 00:00:00	2030-01-01 00:00:00
chocolatechampion.com	1970-01-01 00:00:00	2030-01-01 00:00:00
row-career-answer.com	1970-01-01 00:00:00	2030-01-01 00:00:00
floor-marry-book.com	1970-01-01 00:00:00	2030-01-01 00:00:00
methodcoast-method.com	1970-01-01 00:00:00	2030-01-01 00:00:00
grouptour-manner.com	1970-01-01 00:00:00	2030-01-01 00:00:00
wingbite-price.com	1970-01-01 00:00:00	2030-01-01 00:00:00
buildingwaste.com	1970-01-01 00:00:00	2030-01-01 00:00:00
form-program.com	1970-01-01 00:00:00	2030-01-01 00:00:00
income-radio.com	1970-01-01 00:00:00	2030-01-01 00:00:00
profession-roof.com	1970-01-01 00:00:00	2030-01-01 00:00:00
date-star-bake.com	1970-01-01 00:00:00	2030-01-01 00:00:00
professorharm.com	1970-01-01 00:00:00	2030-01-01 00:00:00
ambition-lawyer.com	1970-01-01 00:00:00	2030-01-01 00:00:00
salt-habit-project.com	1970-01-01 00:00:00	2030-01-01 00:00:00
mouthovercome.com	1970-01-01 00:00:00	2030-01-01 00:00:00
record-maintain.com	1970-01-01 00:00:00	2030-01-01 00:00:00
bite-garage-quantity.com	1970-01-01 00:00:00	2030-01-01 00:00:00
counter-style.com	1970-01-01 00:00:00	2030-01-01 00:00:00
morningweigh.com	1970-01-01 00:00:00	2030-01-01 00:00:00
metal-maintain.com	1970-01-01 00:00:00	2030-01-01 00:00:00
fishwise-lesson.com	1970-01-01 00:00:00	2030-01-01 00:00:00
lady-get-mouse.com	1970-01-01 00:00:00	2030-01-01 00:00:00
hook-provide.com	1970-01-01 00:00:00	2030-01-01 00:00:00
king-risk-truth.com	1970-01-01 00:00:00	2030-01-01 00:00:00
thought-adapt.com	1970-01-01 00:00:00	2030-01-01 00:00:00
network-style.com	1970-01-01 00:00:00	2030-01-01 00:00:00
westexpect-oil.com	1970-01-01 00:00:00	2030-01-01 00:00:00
shot-drive-camp.com	1970-01-01 00:00:00	2030-01-01 00:00:00
bid-strike-pain.com	1970-01-01 00:00:00	2030-01-01 00:00:00
sand-island-art.com	1970-01-01 00:00:00	2030-01-01 00:00:00
request-finance.com	1970-01-01 00:00:00	2030-01-01 00:00:00
credit-attend.com	1970-01-01 00:00:00	2030-01-01 00:00:00
forceflow-comment.com	1970-01-01 00:00:00	2030-01-01 00:00:00
mark-tell-agent.com	1970-01-01 00:00:00	2030-01-01 00:00:00
video-meet-brick.com	1970-01-01 00:00:00	2030-01-01 00:00:00
warcelebrate.com	1970-01-01 00:00:00	2030-01-01 00:00:00
factor-install.com	1970-01-01 00:00:00	2030-01-01 00:00:00
postnail-peak.com	1970-01-01 00:00:00	2030-01-01 00:00:00
productclosed.com	1970-01-01 00:00:00	2030-01-01 00:00:00
dust-market-library.com	1970-01-01 00:00:00	2030-01-01 00:00:00
assistant-advantage.com	1970-01-01 00:00:00	2030-01-01 00:00:00
song-tone-purple.com	1970-01-01 00:00:00	2030-01-01 00:00:00
instruction-ignore.com	1970-01-01 00:00:00	2030-01-01 00:00:00
stuff-adopt-client.com	1970-01-01 00:00:00	2030-01-01 00:00:00
negotiation-water.com	1970-01-01 00:00:00	2030-01-01 00:00:00
blank-judge-term.com	1970-01-01 00:00:00	2030-01-01 00:00:00
brain-recommend.com	1970-01-01 00:00:00	2030-01-01 00:00:00
birddig-telephone.com	1970-01-01 00:00:00	2030-01-01 00:00:00
gearbank-craft.com	1970-01-01 00:00:00	2030-01-01 00:00:00
programtrain.com	1970-01-01 00:00:00	2030-01-01 00:00:00
chicken-pen-number.com	1970-01-01 00:00:00	2030-01-01 00:00:00
game-wake-signature.com	1970-01-01 00:00:00	2030-01-01 00:00:00
morningsalary.com	1970-01-01 00:00:00	2030-01-01 00:00:00
explanation-follow.com	1970-01-01 00:00:00	2030-01-01 00:00:00
disciplinedump.com	1970-01-01 00:00:00	2030-01-01 00:00:00
nosedoctor-assist.com	1970-01-01 00:00:00	2030-01-01 00:00:00
table-point-note.com	1970-01-01 00:00:00	2030-01-01 00:00:00
screen-neck-article.com	1970-01-01 00:00:00	2030-01-01 00:00:00
bicyclepull-clue.com	1970-01-01 00:00:00	2030-01-01 00:00:00
beginninghang.com	1970-01-01 00:00:00	2030-01-01 00:00:00
coach-attract.com	1970-01-01 00:00:00	2030-01-01 00:00:00
confidence-react.com	1970-01-01 00:00:00	2030-01-01 00:00:00
pot-blank-text.com	1970-01-01 00:00:00	2030-01-01 00:00:00
problemcoat-weight.com	1970-01-01 00:00:00	2030-01-01 00:00:00
thought-say-map.com	1970-01-01 00:00:00	2030-01-01 00:00:00
neckreach-boy.com	1970-01-01 00:00:00	2030-01-01 00:00:00
screwchart-mountain.com	1970-01-01 00:00:00	2030-01-01 00:00:00
dad-agree-shape.com	1970-01-01 00:00:00	2030-01-01 00:00:00
town-sense-style.com	1970-01-01 00:00:00	2030-01-01 00:00:00
mistake-district.com	1970-01-01 00:00:00	2030-01-01 00:00:00
analystrun-country.com	1970-01-01 00:00:00	2030-01-01 00:00:00
mother-warn-candle.com	1970-01-01 00:00:00	2030-01-01 00:00:00
coursetrust-rule.com	1970-01-01 00:00:00	2030-01-01 00:00:00
icestay-biketake.com	1970-01-01 00:00:00	2030-01-01 00:00:00
branch-tower.com	1970-01-01 00:00:00	2030-01-01 00:00:00
pool-associate.com	1970-01-01 00:00:00	2030-01-01 00:00:00
endlay-principle.com	1970-01-01 00:00:00	2030-01-01 00:00:00
reading-persuade.com	1970-01-01 00:00:00	2030-01-01 00:00:00
click-water-vegetable.com	1970-01-01 00:00:00	2030-01-01 00:00:00
champion-charge.com	1970-01-01 00:00:00	2030-01-01 00:00:00
date-strike-shock.com	1970-01-01 00:00:00	2030-01-01 00:00:00
uncle-district.com	1970-01-01 00:00:00	2030-01-01 00:00:00
quality-click.com	1970-01-01 00:00:00	2030-01-01 00:00:00
exchangeboot.com	1970-01-01 00:00:00	2030-01-01 00:00:00
definition-table.com	1970-01-01 00:00:00	2030-01-01 00:00:00
mortgagemuscle.com	1970-01-01 00:00:00	2030-01-01 00:00:00
targetinsist.com	1970-01-01 00:00:00	2030-01-01 00:00:00
placelunch-people.com	1970-01-01 00:00:00	2030-01-01 00:00:00
shower-persuade.com	1970-01-01 00:00:00	2030-01-01 00:00:00
title-site-note.com	1970-01-01 00:00:00	2030-01-01 00:00:00
interview-inform.com	1970-01-01 00:00:00	2030-01-01 00:00:00
fortune-slice.com	1970-01-01 00:00:00	2030-01-01 00:00:00
term-repair-airline.com	1970-01-01 00:00:00	2030-01-01 00:00:00
sugar-sell-taste.com	1970-01-01 00:00:00	2030-01-01 00:00:00
link-credit-taste.com	1970-01-01 00:00:00	2030-01-01 00:00:00
river-district.com	1970-01-01 00:00:00	2030-01-01 00:00:00
baseballdesire.com	1970-01-01 00:00:00	2030-01-01 00:00:00
quality-building.com	1970-01-01 00:00:00	2030-01-01 00:00:00
lady-keep-oven.com	1970-01-01 00:00:00	2030-01-01 00:00:00
bone-pen-step.com	1970-01-01 00:00:00	2030-01-01 00:00:00
wall-enhance.com	1970-01-01 00:00:00	2030-01-01 00:00:00
pricerip-catvary.com	1970-01-01 00:00:00	2030-01-01 00:00:00
fault-install.com	1970-01-01 00:00:00	2030-01-01 00:00:00
piano-bear-letter.com	1970-01-01 00:00:00	2030-01-01 00:00:00
assignmentrent.com	1970-01-01 00:00:00	2030-01-01 00:00:00
book-strike-source.com	1970-01-01 00:00:00	2030-01-01 00:00:00
levelinfluence.com	1970-01-01 00:00:00	2030-01-01 00:00:00
coursereason.com	1970-01-01 00:00:00	2030-01-01 00:00:00
nail-draft-traffic.com	1970-01-01 00:00:00	2030-01-01 00:00:00
year-interest.com	1970-01-01 00:00:00	2030-01-01 00:00:00
lack-exchange.com	1970-01-01 00:00:00	2030-01-01 00:00:00
size-lost-park.com	1970-01-01 00:00:00	2030-01-01 00:00:00
salt-dance-hook.com	1970-01-01 00:00:00	2030-01-01 00:00:00
bath-prefer-feeling.com	1970-01-01 00:00:00	2030-01-01 00:00:00
specialist-camp.com	1970-01-01 00:00:00	2030-01-01 00:00:00
term-spread-medicine.com	1970-01-01 00:00:00	2030-01-01 00:00:00
mark-interested.com	1970-01-01 00:00:00	2030-01-01 00:00:00
bowl-secure-mouse.com	1970-01-01 00:00:00	2030-01-01 00:00:00
pausegrade-sea.com	1970-01-01 00:00:00	2030-01-01 00:00:00
door-candle-land.com	1970-01-01 00:00:00	2030-01-01 00:00:00
anger-fish-freedom.com	1970-01-01 00:00:00	2030-01-01 00:00:00
evening-profit.com	1970-01-01 00:00:00	2030-01-01 00:00:00
potatoprofit.com	1970-01-01 00:00:00	2030-01-01 00:00:00
candle-string.com	1970-01-01 00:00:00	2030-01-01 00:00:00
volume-luck-text.com	1970-01-01 00:00:00	2030-01-01 00:00:00
example-practice.com	1970-01-01 00:00:00	2030-01-01 00:00:00
difference-nerve.com	1970-01-01 00:00:00	2030-01-01 00:00:00
mailwarm-information.com	1970-01-01 00:00:00	2030-01-01 00:00:00
actstudy-meat.com	1970-01-01 00:00:00	2030-01-01 00:00:00
film-carpet-birth.com	1970-01-01 00:00:00	2030-01-01 00:00:00
shock-habit-explanation.com	1970-01-01 00:00:00	2030-01-01 00:00:00
routine-celebrate.com	1970-01-01 00:00:00	2030-01-01 00:00:00
partstop-caplimited.com	1970-01-01 00:00:00	2030-01-01 00:00:00
choice-carpet.com	1970-01-01 00:00:00	2030-01-01 00:00:00
growthstretch.com	1970-01-01 00:00:00	2030-01-01 00:00:00
funeral-bridge.com	1970-01-01 00:00:00	2030-01-01 00:00:00
shoulder-fix.com	1970-01-01 00:00:00	2030-01-01 00:00:00
research-shake.com	1970-01-01 00:00:00	2030-01-01 00:00:00
girlfight-exit.com	1970-01-01 00:00:00	2030-01-01 00:00:00
feeling-transition.com	1970-01-01 00:00:00	2030-01-01 00:00:00
functionstable.com	1970-01-01 00:00:00	2030-01-01 00:00:00
difference-dry.com	1970-01-01 00:00:00	2030-01-01 00:00:00
appointment-nerve.com	1970-01-01 00:00:00	2030-01-01 00:00:00
market-join-service.com	1970-01-01 00:00:00	2030-01-01 00:00:00
copyattempt-copy.com	1970-01-01 00:00:00	2030-01-01 00:00:00
pension-reveal.com	1970-01-01 00:00:00	2030-01-01 00:00:00
library-guy-sugar.com	1970-01-01 00:00:00	2030-01-01 00:00:00
request-repair.com	1970-01-01 00:00:00	2030-01-01 00:00:00
party-listen.com	1970-01-01 00:00:00	2030-01-01 00:00:00
belt-wonder-project.com	1970-01-01 00:00:00	2030-01-01 00:00:00
outside-be-risk.com	1970-01-01 00:00:00	2030-01-01 00:00:00
milk-survey-wind.com	1970-01-01 00:00:00	2030-01-01 00:00:00
choice-warn-ease.com	1970-01-01 00:00:00	2030-01-01 00:00:00
care-landscape.com	1970-01-01 00:00:00	2030-01-01 00:00:00
half-peak-frame.com	1970-01-01 00:00:00	2030-01-01 00:00:00
fact-candle-master.com	1970-01-01 00:00:00	2030-01-01 00:00:00
red-blame-minute.com	1970-01-01 00:00:00	2030-01-01 00:00:00
step-suppose.com	1970-01-01 00:00:00	2030-01-01 00:00:00
courtclue-implement.com	1970-01-01 00:00:00	2030-01-01 00:00:00
average-abuse.com	1970-01-01 00:00:00	2030-01-01 00:00:00
devilblue-subject.com	1970-01-01 00:00:00	2030-01-01 00:00:00
square-sail-corner.com	1970-01-01 00:00:00	2030-01-01 00:00:00
supermarketadopt.com	1970-01-01 00:00:00	2030-01-01 00:00:00
risk-remove-apple.com	1970-01-01 00:00:00	2030-01-01 00:00:00
codesail-staff.com	1970-01-01 00:00:00	2030-01-01 00:00:00
fuel-lecture.com	1970-01-01 00:00:00	2030-01-01 00:00:00
kind-detail-opening.com	1970-01-01 00:00:00	2030-01-01 00:00:00
targetexperienced.com	1970-01-01 00:00:00	2030-01-01 00:00:00
player-determine.com	1970-01-01 00:00:00	2030-01-01 00:00:00
towelbecome-maintenance.com	1970-01-01 00:00:00	2030-01-01 00:00:00
army-rip-feeling.com	1970-01-01 00:00:00	2030-01-01 00:00:00
flowertest-tool.com	1970-01-01 00:00:00	2030-01-01 00:00:00
size-force-definition.com	1970-01-01 00:00:00	2030-01-01 00:00:00
slice-feature.com	1970-01-01 00:00:00	2030-01-01 00:00:00
missionlost-supermarket.com	1970-01-01 00:00:00	2030-01-01 00:00:00
attempttune-temperature.com	1970-01-01 00:00:00	2030-01-01 00:00:00
half-fill-teacher.com	1970-01-01 00:00:00	2030-01-01 00:00:00
path-seek-reading.com	1970-01-01 00:00:00	2030-01-01 00:00:00
exerciserent.com	1970-01-01 00:00:00	2030-01-01 00:00:00
mouse-implement.com	1970-01-01 00:00:00	2030-01-01 00:00:00
field-pace-horse.com	1970-01-01 00:00:00	2030-01-01 00:00:00
shoulder-habit.com	1970-01-01 00:00:00	2030-01-01 00:00:00
coat-bottle-project.com	1970-01-01 00:00:00	2030-01-01 00:00:00
gate-secure-quality.com	1970-01-01 00:00:00	2030-01-01 00:00:00
clock-witness.com	1970-01-01 00:00:00	2030-01-01 00:00:00
trade-provide.com	1970-01-01 00:00:00	2030-01-01 00:00:00
field-set-face.com	1970-01-01 00:00:00	2030-01-01 00:00:00
pairbalance-relief.com	1970-01-01 00:00:00	2030-01-01 00:00:00
shoulder-blank.com	1970-01-01 00:00:00	2030-01-01 00:00:00
village-implement.com	1970-01-01 00:00:00	2030-01-01 00:00:00
bone-hesitate.com	1970-01-01 00:00:00	2030-01-01 00:00:00
bowl-spot-wedding.com	1970-01-01 00:00:00	2030-01-01 00:00:00
plane-branch.com	1970-01-01 00:00:00	2030-01-01 00:00:00
table-hesitate.com	1970-01-01 00:00:00	2030-01-01 00:00:00
accident-muscle.com	1970-01-01 00:00:00	2030-01-01 00:00:00
traffic-insist.com	1970-01-01 00:00:00	2030-01-01 00:00:00
accident-require.com	1970-01-01 00:00:00	2030-01-01 00:00:00
paintfinance.com	1970-01-01 00:00:00	2030-01-01 00:00:00
position-part.com	1970-01-01 00:00:00	2030-01-01 00:00:00
shame-show-cream.com	1970-01-01 00:00:00	2030-01-01 00:00:00
history-paint.com	1970-01-01 00:00:00	2030-01-01 00:00:00
user-fight-village.com	1970-01-01 00:00:00	2030-01-01 00:00:00
phase-shake-side.com	1970-01-01 00:00:00	2030-01-01 00:00:00
soundclosed-flower.com	1970-01-01 00:00:00	2030-01-01 00:00:00
uncle-structure.com	1970-01-01 00:00:00	2030-01-01 00:00:00
picture-branch.com	1970-01-01 00:00:00	2030-01-01 00:00:00
average-survey.com	1970-01-01 00:00:00	2030-01-01 00:00:00
evidence-assume.com	1970-01-01 00:00:00	2030-01-01 00:00:00
space-belt-rate.com	1970-01-01 00:00:00	2030-01-01 00:00:00
article-strike.com	1970-01-01 00:00:00	2030-01-01 00:00:00
carry-write-risk.com	1970-01-01 00:00:00	2030-01-01 00:00:00
shower-radio.com	1970-01-01 00:00:00	2030-01-01 00:00:00
meatdoes-boat.com	1970-01-01 00:00:00	2030-01-01 00:00:00
lawyersit-direction.com	1970-01-01 00:00:00	2030-01-01 00:00:00
knife-imagine.com	1970-01-01 00:00:00	2030-01-01 00:00:00
thought-race.com	1970-01-01 00:00:00	2030-01-01 00:00:00
troublepace-summer.com	1970-01-01 00:00:00	2030-01-01 00:00:00
oven-cow-record.com	1970-01-01 00:00:00	2030-01-01 00:00:00
couple-go-stomach.com	1970-01-01 00:00:00	2030-01-01 00:00:00
couple-boss-idea.com	1970-01-01 00:00:00	2030-01-01 00:00:00
toothfeature.com	1970-01-01 00:00:00	2030-01-01 00:00:00
collar-tour-yard.com	1970-01-01 00:00:00	2030-01-01 00:00:00
dirt-baby-cup.com	1970-01-01 00:00:00	2030-01-01 00:00:00
class-travel.com	1970-01-01 00:00:00	2030-01-01 00:00:00
gradepen-head.com	1970-01-01 00:00:00	2030-01-01 00:00:00
condition-nail.com	1970-01-01 00:00:00	2030-01-01 00:00:00
minimumreact.com	1970-01-01 00:00:00	2030-01-01 00:00:00
piececouple-access.com	1970-01-01 00:00:00	2030-01-01 00:00:00
issuefloor-bridge.com	1970-01-01 00:00:00	2030-01-01 00:00:00
databasepiece.com	1970-01-01 00:00:00	2030-01-01 00:00:00
deskcompany-implement.com	1970-01-01 00:00:00	2030-01-01 00:00:00
average-finance.com	1970-01-01 00:00:00	2030-01-01 00:00:00
hall-seem-nurse.com	1970-01-01 00:00:00	2030-01-01 00:00:00
corner-blow-speech.com	1970-01-01 00:00:00	2030-01-01 00:00:00
town-tip-phrase.com	1970-01-01 00:00:00	2030-01-01 00:00:00
baseballwonder.com	1970-01-01 00:00:00	2030-01-01 00:00:00
park-expect-register.com	1970-01-01 00:00:00	2030-01-01 00:00:00
garden-heat-dad.com	1970-01-01 00:00:00	2030-01-01 00:00:00
quantity-throw.com	1970-01-01 00:00:00	2030-01-01 00:00:00
mortgagerecommend.com	1970-01-01 00:00:00	2030-01-01 00:00:00
missionorganize.com	1970-01-01 00:00:00	2030-01-01 00:00:00
arm-reward-medicine.com	1970-01-01 00:00:00	2030-01-01 00:00:00
collar-lost-evening.com	1970-01-01 00:00:00	2030-01-01 00:00:00
saving-invite.com	1970-01-01 00:00:00	2030-01-01 00:00:00
gloveweigh-pace.com	1970-01-01 00:00:00	2030-01-01 00:00:00
drop-twist-drop.com	1970-01-01 00:00:00	2030-01-01 00:00:00
nurse-towel-foot.com	1970-01-01 00:00:00	2030-01-01 00:00:00
leather-celebrate.com	1970-01-01 00:00:00	2030-01-01 00:00:00
medium-insist.com	1970-01-01 00:00:00	2030-01-01 00:00:00
culture-contribute.com	1970-01-01 00:00:00	2030-01-01 00:00:00
worknail-theory.com	1970-01-01 00:00:00	2030-01-01 00:00:00
botherstudy-court.com	1970-01-01 00:00:00	2030-01-01 00:00:00
question-exist.com	1970-01-01 00:00:00	2030-01-01 00:00:00
letter-wait-volume.com	1970-01-01 00:00:00	2030-01-01 00:00:00
wineapologize.com	1970-01-01 00:00:00	2030-01-01 00:00:00
productmarry.com	1970-01-01 00:00:00	2030-01-01 00:00:00
pain-slide-bend.com	1970-01-01 00:00:00	2030-01-01 00:00:00
gap-machine-monitor.com	1970-01-01 00:00:00	2030-01-01 00:00:00
pausesmell-figure.com	1970-01-01 00:00:00	2030-01-01 00:00:00
condition-radio.com	1970-01-01 00:00:00	2030-01-01 00:00:00
impact-appear.com	1970-01-01 00:00:00	2030-01-01 00:00:00
uncle-intend.com	1970-01-01 00:00:00	2030-01-01 00:00:00
entrancedeserve.com	1970-01-01 00:00:00	2030-01-01 00:00:00
champion-affect.com	1970-01-01 00:00:00	2030-01-01 00:00:00
title-target.com	1970-01-01 00:00:00	2030-01-01 00:00:00
flowerbecome.com	1970-01-01 00:00:00	2030-01-01 00:00:00
lunchexpect-page.com	1970-01-01 00:00:00	2030-01-01 00:00:00
skysolve-lunch.com	1970-01-01 00:00:00	2030-01-01 00:00:00
map-foot-radio.com	1970-01-01 00:00:00	2030-01-01 00:00:00
image-lawyer.com	1970-01-01 00:00:00	2030-01-01 00:00:00
poetcancel-standard.com	1970-01-01 00:00:00	2030-01-01 00:00:00
candydisappointed.com	1970-01-01 00:00:00	2030-01-01 00:00:00
bugallow-force.com	1970-01-01 00:00:00	2030-01-01 00:00:00
business-fish.com	1970-01-01 00:00:00	2030-01-01 00:00:00
holebone-series.com	1970-01-01 00:00:00	2030-01-01 00:00:00
foot-value-specialist.com	1970-01-01 00:00:00	2030-01-01 00:00:00
difference-father.com	1970-01-01 00:00:00	2030-01-01 00:00:00
subjectlisten.com	1970-01-01 00:00:00	2030-01-01 00:00:00
muscledeserve.com	1970-01-01 00:00:00	2030-01-01 00:00:00
stable-spot-scale.com	1970-01-01 00:00:00	2030-01-01 00:00:00
exam-reveal-picture.com	1970-01-01 00:00:00	2030-01-01 00:00:00
reading-judge.com	1970-01-01 00:00:00	2030-01-01 00:00:00
mirror-target.com	1970-01-01 00:00:00	2030-01-01 00:00:00
fanturn-arrival.com	1970-01-01 00:00:00	2030-01-01 00:00:00
lack-neck-coat.com	1970-01-01 00:00:00	2030-01-01 00:00:00
speakerget-button.com	1970-01-01 00:00:00	2030-01-01 00:00:00
credit-peak-blow.com	1970-01-01 00:00:00	2030-01-01 00:00:00
day-counter-proposal.com	1970-01-01 00:00:00	2030-01-01 00:00:00
world-associate.com	1970-01-01 00:00:00	2030-01-01 00:00:00
hourtable-reference.com	1970-01-01 00:00:00	2030-01-01 00:00:00
reading-season.com	1970-01-01 00:00:00	2030-01-01 00:00:00
vehicledistance.com	1970-01-01 00:00:00	2030-01-01 00:00:00
restaurantcatch.com	1970-01-01 00:00:00	2030-01-01 00:00:00
question-challenge.com	1970-01-01 00:00:00	2030-01-01 00:00:00
cappicture-staff.com	1970-01-01 00:00:00	2030-01-01 00:00:00
objectbake-bottom.com	1970-01-01 00:00:00	2030-01-01 00:00:00
health-chip-fuel.com	1970-01-01 00:00:00	2030-01-01 00:00:00
example-transition.com	1970-01-01 00:00:00	2030-01-01 00:00:00
hook-smell-phase.com	1970-01-01 00:00:00	2030-01-01 00:00:00
coach-burn-satisfaction.com	1970-01-01 00:00:00	2030-01-01 00:00:00
mark-adopt-switch.com	1970-01-01 00:00:00	2030-01-01 00:00:00
strategy-borrow.com	1970-01-01 00:00:00	2030-01-01 00:00:00
novelgive-block.com	1970-01-01 00:00:00	2030-01-01 00:00:00
vegetable-ease.com	1970-01-01 00:00:00	2030-01-01 00:00:00
barfeature-trip.com	1970-01-01 00:00:00	2030-01-01 00:00:00
funeral-contribute.com	1970-01-01 00:00:00	2030-01-01 00:00:00
knowledge-tip.com	1970-01-01 00:00:00	2030-01-01 00:00:00
parentfill-internet.com	1970-01-01 00:00:00	2030-01-01 00:00:00
question-distance.com	1970-01-01 00:00:00	2030-01-01 00:00:00
uncle-wise-truth.com	1970-01-01 00:00:00	2030-01-01 00:00:00
troublecontinue.com	1970-01-01 00:00:00	2030-01-01 00:00:00
pairdetermine.com	1970-01-01 00:00:00	2030-01-01 00:00:00
bank-blank-sir.com	1970-01-01 00:00:00	2030-01-01 00:00:00
radio-style-cake.com	1970-01-01 00:00:00	2030-01-01 00:00:00
class-suppose.com	1970-01-01 00:00:00	2030-01-01 00:00:00
grocery-coast.com	1970-01-01 00:00:00	2030-01-01 00:00:00
fishing-pitch.com	1970-01-01 00:00:00	2030-01-01 00:00:00
sitecamp-diamond.com	1970-01-01 00:00:00	2030-01-01 00:00:00
focus-store-score.com	1970-01-01 00:00:00	2030-01-01 00:00:00
friendshipgrade.com	1970-01-01 00:00:00	2030-01-01 00:00:00
black-meet-fat.com	1970-01-01 00:00:00	2030-01-01 00:00:00
sister-letter.com	1970-01-01 00:00:00	2030-01-01 00:00:00
damage-rip-rate.com	1970-01-01 00:00:00	2030-01-01 00:00:00
doctorexpand.com	1970-01-01 00:00:00	2030-01-01 00:00:00
relation-reward.com	1970-01-01 00:00:00	2030-01-01 00:00:00
tripattract-camera.com	1970-01-01 00:00:00	2030-01-01 00:00:00
blame-sleep-chart.com	1970-01-01 00:00:00	2030-01-01 00:00:00
economicsresult.com	1970-01-01 00:00:00	2030-01-01 00:00:00
term-cow-record.com	1970-01-01 00:00:00	2030-01-01 00:00:00
rate-reveal-scale.com	1970-01-01 00:00:00	2030-01-01 00:00:00
affairinterested.com	1970-01-01 00:00:00	2030-01-01 00:00:00
gearframe-inside.com	1970-01-01 00:00:00	2030-01-01 00:00:00
hostspace-tank.com	1970-01-01 00:00:00	2030-01-01 00:00:00
reading-officer.com	1970-01-01 00:00:00	2030-01-01 00:00:00
tune-invite-father.com	1970-01-01 00:00:00	2030-01-01 00:00:00
house-refuse.com	1970-01-01 00:00:00	2030-01-01 00:00:00
ground-press.com	1970-01-01 00:00:00	2030-01-01 00:00:00
breath-structure.com	1970-01-01 00:00:00	2030-01-01 00:00:00
holepull-midnight.com	1970-01-01 00:00:00	2030-01-01 00:00:00
hall-stage-nurse.com	1970-01-01 00:00:00	2030-01-01 00:00:00
tourist-remain.com	1970-01-01 00:00:00	2030-01-01 00:00:00
jacket-claim.com	1970-01-01 00:00:00	2030-01-01 00:00:00
candle-even-river.com	1970-01-01 00:00:00	2030-01-01 00:00:00
uncle-tool-sir.com	1970-01-01 00:00:00	2030-01-01 00:00:00
shoe-enjoy-signature.com	1970-01-01 00:00:00	2030-01-01 00:00:00
speakerwas-meat.com	1970-01-01 00:00:00	2030-01-01 00:00:00
glass-adopt-till.com	1970-01-01 00:00:00	2030-01-01 00:00:00
penaltypin-pipe.com	1970-01-01 00:00:00	2030-01-01 00:00:00
quality-obtain.com	1970-01-01 00:00:00	2030-01-01 00:00:00
pool-smart-trick.com	1970-01-01 00:00:00	2030-01-01 00:00:00
counter-award.com	1970-01-01 00:00:00	2030-01-01 00:00:00
heat-trade-store.com	1970-01-01 00:00:00	2030-01-01 00:00:00
literature-wonder.com	1970-01-01 00:00:00	2030-01-01 00:00:00
news-priest-love.com	1970-01-01 00:00:00	2030-01-01 00:00:00
story-lunch-row.com	1970-01-01 00:00:00	2030-01-01 00:00:00
restaurantpiece.com	1970-01-01 00:00:00	2030-01-01 00:00:00
luckargue-economy.com	1970-01-01 00:00:00	2030-01-01 00:00:00
systemfight-piece.com	1970-01-01 00:00:00	2030-01-01 00:00:00
damage-table.com	1970-01-01 00:00:00	2030-01-01 00:00:00
mark-react-peace.com	1970-01-01 00:00:00	2030-01-01 00:00:00
dishcow-catcondition.com	1970-01-01 00:00:00	2030-01-01 00:00:00
